{
  "artifacts": {
    "autoencoder": {},
    "pipeline": "rexai_regressor.joblib",
    "tabtransformer": {},
    "xgboost": {
      "metrics": {
        "crew_min": {
          "mae": 0.019125188980298146,
          "r2": 0.9999903464993217,
          "rmse": 0.025873501479834173
        },
        "energy_kwh": {
          "mae": 1.5708103853411461,
          "r2": 0.9999878831072518,
          "rmse": 2.105618422937801
        },
        "estanqueidad": {
          "mae": 0.00036618157103657684,
          "r2": 0.9998785171164303,
          "rmse": 0.0006371050043418497
        },
        "overall": {
          "mae": 0.3475499635073092,
          "r2": 0.9999629554882435,
          "rmse": 0.47045069936238715
        },
        "rigidez": {
          "mae": 0.00039693190902471406,
          "r2": 0.99996324307519,
          "rmse": 0.0006579614706456396
        },
        "water_l": {
          "mae": 0.14705112973504053,
          "r2": 0.9999947876430235,
          "rmse": 0.21946650591931285
        }
      },
      "path": "rexai_xgboost.joblib"
    }
  },
  "dataset": {
    "hash": "d0436ddd69fc298b5287a0fbbdf96d9a379aef5e",
    "path": "processed/rexai_training_dataset.parquet"
  },
  "feature_columns": [
    "process_id",
    "regolith_pct",
    "total_mass_kg",
    "mass_input_kg",
    "num_items",
    "density_kg_m3",
    "moisture_frac",
    "difficulty_index",
    "problematic_mass_frac",
    "problematic_item_frac",
    "aluminum_frac",
    "foam_frac",
    "eva_frac",
    "textile_frac",
    "multilayer_frac",
    "glove_frac",
    "polyethylene_frac",
    "carbon_fiber_frac",
    "hydrogen_rich_frac",
    "packaging_frac",
    "gas_recovery_index",
    "logistics_reuse_index",
    "oxide_sio2",
    "oxide_feot",
    "oxide_mgo",
    "oxide_cao",
    "oxide_so3",
    "oxide_h2o"
  ],
  "feature_means": {
    "cat__process_id_P01": 0.25078125,
    "cat__process_id_P02": 0.25859375,
    "cat__process_id_P03": 0.23671875,
    "cat__process_id_P04": 0.25390625,
    "num__aluminum_frac": 0.819555398419495,
    "num__carbon_fiber_frac": 0.3880568647456434,
    "num__density_kg_m3": 2.4502679909651475,
    "num__difficulty_index": 4.849938796612207,
    "num__eva_frac": 0.19621945139457114,
    "num__foam_frac": 0.8941659950474314,
    "num__gas_recovery_index": 1.5230903948493224,
    "num__glove_frac": 0.13546600656836577,
    "num__hydrogen_rich_frac": 2.2264347997768383,
    "num__logistics_reuse_index": 1.0310274322555446,
    "num__mass_input_kg": 2.7333627915507717,
    "num__moisture_frac": 0.36226948347760496,
    "num__multilayer_frac": 0.42173109839493417,
    "num__num_items": 5.007965333305293,
    "num__oxide_cao": 0.5377380393533399,
    "num__oxide_feot": 0.5377380393533399,
    "num__oxide_h2o": 0.5377380393533399,
    "num__oxide_mgo": 0.5377380393533399,
    "num__oxide_sio2": 0.5377380393533399,
    "num__oxide_so3": 0.5377380393533399,
    "num__packaging_frac": 0.9976832558906074,
    "num__polyethylene_frac": 1.205518664737567,
    "num__problematic_item_frac": 2.484663652920997,
    "num__problematic_mass_frac": 2.352351635398087,
    "num__regolith_pct": 0.5377380393533399,
    "num__textile_frac": 0.8804505775964853,
    "num__total_mass_kg": 2.7333627915507717
  },
  "feature_stds": {
    "cat__process_id_P01": 0.43346381806914003,
    "cat__process_id_P02": 0.43786287600764506,
    "cat__process_id_P03": 0.42506921028916733,
    "cat__process_id_P04": 0.43524560503369536,
    "num__aluminum_frac": 1.0000010000000032,
    "num__carbon_fiber_frac": 1.0000010000000001,
    "num__density_kg_m3": 1.0000010000000026,
    "num__difficulty_index": 1.000001,
    "num__eva_frac": 1.0000010000000006,
    "num__foam_frac": 1.0000009999999993,
    "num__gas_recovery_index": 1.000001,
    "num__glove_frac": 1.000001000000015,
    "num__hydrogen_rich_frac": 1.0000009999999997,
    "num__logistics_reuse_index": 1.0000009999999997,
    "num__mass_input_kg": 1.0000009999999984,
    "num__moisture_frac": 1.0000010000000015,
    "num__multilayer_frac": 1.0000009999999886,
    "num__num_items": 1.0000010000000006,
    "num__oxide_cao": 1.0000009999999937,
    "num__oxide_feot": 1.0000009999999937,
    "num__oxide_h2o": 1.000000999999994,
    "num__oxide_mgo": 1.0000009999999937,
    "num__oxide_sio2": 1.0000009999999937,
    "num__oxide_so3": 1.0000009999999937,
    "num__packaging_frac": 1.000001000000001,
    "num__polyethylene_frac": 1.0000009999999997,
    "num__problematic_item_frac": 1.0000010000000001,
    "num__problematic_mass_frac": 1.0000009999999995,
    "num__regolith_pct": 1.0000009999999937,
    "num__textile_frac": 1.0000009999999948,
    "num__total_mass_kg": 1.0000009999999984
  },
  "model_name": "rexai-rf-ensemble",
  "n_samples": 1600,
  "post_transform_features": [
    "cat__process_id_P01",
    "cat__process_id_P02",
    "cat__process_id_P03",
    "cat__process_id_P04",
    "num__regolith_pct",
    "num__total_mass_kg",
    "num__mass_input_kg",
    "num__num_items",
    "num__density_kg_m3",
    "num__moisture_frac",
    "num__difficulty_index",
    "num__problematic_mass_frac",
    "num__problematic_item_frac",
    "num__aluminum_frac",
    "num__foam_frac",
    "num__eva_frac",
    "num__textile_frac",
    "num__multilayer_frac",
    "num__glove_frac",
    "num__polyethylene_frac",
    "num__carbon_fiber_frac",
    "num__hydrogen_rich_frac",
    "num__packaging_frac",
    "num__gas_recovery_index",
    "num__logistics_reuse_index",
    "num__oxide_sio2",
    "num__oxide_feot",
    "num__oxide_mgo",
    "num__oxide_cao",
    "num__oxide_so3",
    "num__oxide_h2o"
  ],
  "random_forest": {
    "feature_importance": {
      "average": [
        [
          "cat__process_id_P03",
          0.16905706101275642
        ],
        [
          "num__aluminum_frac",
          0.1064467603140829
        ],
        [
          "num__mass_input_kg",
          0.06349749866984919
        ],
        [
          "num__total_mass_kg",
          0.06302495902560475
        ],
        [
          "num__moisture_frac",
          0.06250347241554471
        ],
        [
          "cat__process_id_P02",
          0.06092841543895352
        ],
        [
          "num__multilayer_frac",
          0.05993260672489763
        ],
        [
          "num__hydrogen_rich_frac",
          0.05287209853699026
        ],
        [
          "num__regolith_pct",
          0.04182578630970035
        ],
        [
          "num__oxide_sio2",
          0.04158559076295771
        ],
        [
          "cat__process_id_P01",
          0.038377979613770936
        ],
        [
          "num__oxide_mgo",
          0.035218403783178316
        ],
        [
          "num__oxide_cao",
          0.03502568441785368
        ],
        [
          "num__textile_frac",
          0.03437517837684672
        ],
        [
          "num__oxide_so3",
          0.03405618440353424
        ],
        [
          "num__oxide_feot",
          0.033415275240927134
        ]
      ],