{
  "artifacts": {
    "autoencoder": {},
    "pipeline": "data/models/rexai_regressor.joblib",
    "tabtransformer": {},
    "xgboost": {
      "metrics": {
        "crew_min": {
          "mae": 0.3685923877920467,
          "r2": 0.9999998032186957,
          "rmse": 0.5330428302884623
        },
        "energy_kwh": {
          "mae": 1.9389642558308753,
          "r2": 0.9999833069758156,
          "rmse": 2.569934909877656
        },
        "estanqueidad": {
          "mae": 0.0014213691875338559,
          "r2": 0.9998428211414655,
          "rmse": 0.002753873367876069
        },
        "overall": {
          "mae": 0.6225257083384292,
          "r2": 0.9999210956006573,
          "rmse": 0.8365244754943898
        },
        "rigidez": {
          "mae": 0.0010859540291130556,
          "r2": 0.9998343792250834,
          "rmse": 0.0018921179738822268
        },
        "water_l": {
          "mae": 0.8025645748525776,
          "r2": 0.9999451674422261,
          "rmse": 1.0749986459640726
        }
      },
      "path": "data/models/rexai_xgboost.joblib"
    }
  },
  "classification_targets": [
    "tightness_pass",
    "rigidity_level"
  ],
  "classifiers": {
    "rigidity_level": {
      "classes": [
        1,
        2,
        3
      ],
      "metrics": {
        "accuracy": 0.965,
        "f1_weighted": 0.9645513646885958,
        "precision_weighted": 0.9650124937531234,
        "recall_weighted": 0.965,
        "support": {
          "1": 258,
          "2": 140,
          "3": 2
        }
      },
      "path": "data/models/rexai_class_rigidity.joblib",
      "score_map": {
        "1": 0.35,
        "2": 0.65,
        "3": 0.9
      }
    },
    "tightness_pass": {
      "classes": [
        0,
        1
      ],
      "metrics": {
        "accuracy": 0.975,
        "f1": 0.9519230769230769,
        "precision": 0.9611650485436893,
        "recall": 0.9428571428571428,
        "support": {
          "0": 295,
          "1": 105
        }
      },
      "path": "data/models/rexai_class_tightness.joblib",
      "score_map": {
        "0": 0.35,
        "1": 0.85
      }
    }
  },
  "dataset": {
    "hash": "cbb4b9eb541f596ead87b359fd0b9e4e5b1d149a",
    "path": "datasets/processed/rexai_training_dataset.parquet"
  },
  "feature_columns": [
    "process_id",
    "regolith_pct",
    "total_mass_kg",
    "mass_input_kg",
    "num_items",
    "density_kg_m3",
    "moisture_frac",
    "difficulty_index",
    "problematic_mass_frac",
    "problematic_item_frac",
    "aluminum_frac",
    "foam_frac",
    "eva_frac",
    "textile_frac",
    "multilayer_frac",
    "glove_frac",
    "polyethylene_frac",
    "carbon_fiber_frac",
    "hydrogen_rich_frac",
    "packaging_frac",
    "gas_recovery_index",
    "logistics_reuse_index",
    "oxide_sio2",
    "oxide_feot",
    "oxide_mgo",
    "oxide_cao",
    "oxide_so3",
    "oxide_h2o"
  ],
  "feature_means": {
    "cat__process_id_P01": 0.25078125,
    "cat__process_id_P02": 0.25859375,
    "cat__process_id_P03": 0.23671875,
    "cat__process_id_P04": 0.25390625,
    "num__aluminum_frac": 0.819555398419495,
    "num__carbon_fiber_frac": 0.3880568647456434,
    "num__density_kg_m3": 2.4502679909651475,
    "num__difficulty_index": 4.849938796612207,
    "num__eva_frac": 0.19621945139457114,
    "num__foam_frac": 0.8941659950474314,
    "num__gas_recovery_index": 1.5230903948493224,
    "num__glove_frac": 0.13546600656836577,
    "num__hydrogen_rich_frac": 2.2264347997768383,
    "num__logistics_reuse_index": 1.0310274322555446,
    "num__mass_input_kg": 2.7333627915507717,
    "num__moisture_frac": 0.36226948347760496,
    "num__multilayer_frac": 0.42173109839493417,
    "num__num_items": 5.007965333305293,
    "num__oxide_cao": 0.5377380393533399,
    "num__oxide_feot": 0.5377380393533399,
    "num__oxide_h2o": 0.5377380393533399,
    "num__oxide_mgo": 0.5377380393533399,
    "num__oxide_sio2": 0.5377380393533399,
    "num__oxide_so3": 0.5377380393533399,
    "num__packaging_frac": 0.9976832558906074,
    "num__polyethylene_frac": 1.205518664737567,
    "num__problematic_item_frac": 2.484663652920997,
    "num__problematic_mass_frac": 2.352351635398087,
    "num__regolith_pct": 0.5377380393533399,
    "num__textile_frac": 0.8804505775964853,
    "num__total_mass_kg": 2.7333627915507717
  },
  "feature_stds": {
    "cat__process_id_P01": 0.43346381806914003,
    "cat__process_id_P02": 0.43786287600764506,
    "cat__process_id_P03": 0.42506921028916733,
    "cat__process_id_P04": 0.43524560503369536,
    "num__aluminum_frac": 1.0000010000000032,
    "num__carbon_fiber_frac": 1.0000010000000001,
    "num__density_kg_m3": 1.0000010000000026,
    "num__difficulty_index": 1.000001,
    "num__eva_frac": 1.0000010000000006,
    "num__foam_frac": 1.0000009999999993,
    "num__gas_recovery_index": 1.000001,
    "num__glove_frac": 1.000001000000015,
    "num__hydrogen_rich_frac": 1.0000009999999997,
    "num__logistics_reuse_index": 1.0000009999999997,
    "num__mass_input_kg": 1.0000009999999984,
    "num__moisture_frac": 1.0000010000000015,
    "num__multilayer_frac": 1.0000009999999886,
    "num__num_items": 1.0000010000000006,
    "num__oxide_cao": 1.0000009999999937,
    "num__oxide_feot": 1.0000009999999937,
    "num__oxide_h2o": 1.000000999999994,
    "num__oxide_mgo": 1.0000009999999937,
    "num__oxide_sio2": 1.0000009999999937,
    "num__oxide_so3": 1.0000009999999937,
    "num__packaging_frac": 1.000001000000001,
    "num__polyethylene_frac": 1.0000009999999997,
    "num__problematic_item_frac": 1.0000010000000001,
    "num__problematic_mass_frac": 1.0000009999999995,
    "num__regolith_pct": 1.0000009999999937,
    "num__textile_frac": 1.0000009999999948,
    "num__total_mass_kg": 1.0000009999999984
  },
  "labeling": {
    "columns": {
      "source": "label_source",
      "weight": "label_weight"
    },
    "summary": {
      "simulated": {
        "count": 1600,
        "max_weight": 0.7,
        "mean_weight": 0.7,
        "min_weight": 0.7
      }
    }
  },
  "model_name": "rexai-rf-ensemble",
  "n_samples": 1600,
  "post_transform_features": [
    "cat__process_id_P01",
    "cat__process_id_P02",
    "cat__process_id_P03",
    "cat__process_id_P04",
    "num__regolith_pct",
    "num__total_mass_kg",
    "num__mass_input_kg",
    "num__num_items",
    "num__density_kg_m3",
    "num__moisture_frac",
    "num__difficulty_index",
    "num__problematic_mass_frac",
    "num__problematic_item_frac",
    "num__aluminum_frac",
    "num__foam_frac",
    "num__eva_frac",
    "num__textile_frac",
    "num__multilayer_frac",
    "num__glove_frac",
    "num__polyethylene_frac",
    "num__carbon_fiber_frac",
    "num__hydrogen_rich_frac",
    "num__packaging_frac",
    "num__gas_recovery_index",
    "num__logistics_reuse_index",
    "num__oxide_sio2",
    "num__oxide_feot",
    "num__oxide_mgo",
    "num__oxide_cao",
    "num__oxide_so3",
    "num__oxide_h2o"
  ],